06.04.2022	Заправка судна - это легко!
06.04.2022	Топливо для самосвала
06.04.2022	Требования к ДТ при эксплуатации генератора
06.04.2022	Области применения генераторов на ДТ
06.04.2022	Типы дизельных генераторов и электростанций
06.04.2022	Топливо для неотапливаемых помещений
06.04.2022	Топливо для импортных чувствительных котлов
06.04.2022	Характеристика и применение светлого печного топлива (ТМТ)
06.04.2022	Характеристика и применение ДТф
06.04.2022	Топливо для автономного рефрижераторного вагона
06.04.2022	Присадки к дизельному топливу для тепловозов
06.04.2022	Топливо для экскаватора
06.04.2022	Топливо для трактора
06.04.2022	На чем ходят моторные лодки?
06.04.2022	Топливо для вагон-дизель-электростанция
06.04.2022	Топливо для тепловоза
06.04.2022	Дизельное топливо загородного дома
06.04.2022	Топливо для корейских котлов
06.04.2022	Виды сельскохозяйственной техники
04.08.2022	Что такое плотность солярки (дизеля)?
04.08.2022	Что такое ДТ "ОПТИ"?
04.08.2022	Имеет ли значение цвет дизеля?
04.08.2022	Есть ли срок годности у дизельного топлива?
04.08.2022	Что делать, если замерзла солярка?
04.08.2022	Преимущества дизельного топлива
10.08.2022	Процесс взаимодействия
10.08.2022	Анализ и экспертиза топлива
10.08.2022	Системы учета и контроля топлива
20.09.2022	Дизель для ДГУ
20.09.2022	Топливо для котлов Навьен
20.09.2022	Температура транспортировки дизельного топлива
06.06.2023	Как отличить дизельное топливо от аналога: практические советы.
06.06.2023	На что влияет повышенная сера в топливе?
06.06.2023	Как проверить, есть ли в топливе вода?
10.10.2023	Срок хранения дизельного топлива
13.03.2024	Классы и сорта дизельного топлива: полное руководство
17.06.2024	Зимнее дизельное топливо
17.06.2024	Бензин АИ-92 или АИ-95
17.06.2024	Экономия топлива
12.07.2024	Чем отличается дизель от бензина
15.07.2024	Газойль - что за топливо?
15.07.2024	Состав дизельного топлива
20.09.2024	Преимущества использования мини АЗС
21.10.2024	Преимущества жидкого печного топлива для отопительных котлов
21.10.2024	Мобильная заправочная станция — какие бывают
21.10.2024	Топливо в бочках — преимущества и недостатки
27.11.2024	Как правильно хранить дизельное топливо в зимний период
13.01.2025	Важность зимнего дизельного топлива для северных регионов
13.01.2025	Рекомендации по выбору топлива для дизельных котлов
27.01.2025	Как избежать коррозии резервуаров для хранения дизтоплива
27.01.2025	Использование дизельного топлива в зимний период
25.02.2025	Преимущества дизельного топлива для отопительных котлов
25.02.2025	Условия хранения дизельного топлива в бочках: как избежать потерь и сохранить качество
15.04.2025	Преимущества регулярных поставок дизтоплива для бизнеса
15.04.2025	Технические особенности установки мини-АЗС на объекте
28.04.2025	Как правильно выбрать дизельное топливо для коммерческого транспорта
28.04.2025	Какие примеси могут повлиять на качество дизельного топлива
22.05.2025	Как выбрать мини-АЗС для частного использования
22.05.2025	Подбор емкостей для хранения дизельного топлива: на что обратить внимание
21.07.2025	ТОП-5 советов по хранению дизельного топлива для предприятий
21.07.2025	Как выбрать дизельное топливо для сельскохозяйственной техники
21.08.2025	Почему некачественное дизельное топливо опасно для оборудования
21.08.2025	Какие требования к качеству дизельного топлива для котлов
02.09.2025	Как продлить срок хранения дизтоплива на складе
02.09.2025	Экономичность дизельного топлива для отопительных систем
03.10.2025	Почему важно покупать бензин у проверенных поставщиков?
03.10.2025	Виды бензина и их особенности: АИ-92, АИ-95
06.11.2025	Дизельное топливо: состав, виды и особенности применения
06.11.2025	Как отличить качественный бензин от контрафактного
11.12.2025	Как изменяется цена на бензин: основные факторы и тенденции
11.12.2025	Как выбрать надежного поставщика дизельного топлива?
07.02.2026	Чем опасен разлив дизельного топлива и как его убрать
07.02.2026	Что делать, если в дизель попала вода: признаки и последствия
07.02.2026	Как часто менять топливо в резервном генераторе
10.02.2026	Известно ли вам, что долговечность любого котла зависит от качества одного ключевого компонента?
10.02.2026	Хотите узнать принцип работы умной автоматики котлов Viessmann?
10.02.2026	Знаете ли вы, почему котлы Buderus так ценятся за долговечность?
10.02.2026	Хотите узнать, в чём секрет популярности отопительных котлов Ferroli?
04.03.2026	Технология очистки дизельного топлива от примесей и воды
04.03.2026	Обслуживание мини-АЗС: что нужно знать владельцу для бесперебойной работы
24.03.2026	Транспортировка бензина: требования безопасности
24.03.2026	Доставка дизтоплива на строительные объекты: что учесть для бесперебойной работы техники
30.04.2026	Как вести журнал учета ГСМ по новым правилам
30.04.2026	Хранение топлива в полевых условиях
21.06.2026	Дизельное топливо для бульдозеров: особенности под тяжелые условия эксплуатации
21.06.2026	Аудит топливных затрат предприятия: 5 признаков, что вы переплачиваете
24.06.2026	Экологические классы бензина: что изменилось в 2026 и как это влияет на бизнес
24.06.2026	Топливо для работы в карьерах и на бездорожье: защита от пыли, воды и перепадов температур
24.07.2026	Дизельное топливо для комбайнов: сезонные особенности и требования
24.07.2026	Дизельный грибок — микробиологическое заражение топлива: признаки и решение
21.08.2026	Смолистые отложения в топливе: как они образуются и чем опасны для техникии
21.08.2026	Дизельное топливо для ДГУ: как выбрать марку под мощность и условия эксплуатации