url	title	h1	description	words_total
/blog/dizelnoe-toplivo-dlya-generatora/	Дизельное топливо  для генератора — Блог топливной компании «МОСТРАНСНЕФТЬ» — Москва	Дизельное топливо для генератора	Дизельное топливо  для генератора — Блог топливной компании «МОСТРАНСНЕФТЬ» — Москва. Керосин, бензин, дизельное топливо (ДТ) и аналоги оптом для техники, котлов отопления, домов и котельных.	577
/blog/otvechaem-na-voprosy-o-dizelnom-toplive/dizel-dlya-dgu/	Дизель для ДГУ — Блог топливной компании «МОСТРАНСНЕФТЬ» — Москва	Дизель для ДГУ	Дизель для ДГУ — Блог топливной компании «МОСТРАНСНЕФТЬ» — Москва. Керосин, бензин, дизельное топливо (ДТ) и аналоги оптом для техники, котлов отопления, домов и котельных.	1052
/blog/otvechaem-na-voprosy-o-dizelnom-toplive/gazoyl-chto-za-toplivo/	Газойль — что нужно знать о топливе | МОСТРАНСНЕФТЬ	Газойль - что за топливо?	Узнайте, что такое Газойль, его состав, характеристики и применение. | Блог топливной компании «МОСТРАНСНЕФТЬ»: полезные статьи, рекомендации и практические советы для покупателей от экспертов компании.	936
/blog/otvechaem-na-voprosy-o-dizelnom-toplive/smolistye-otlozheniya-v-toplive/	Смолистые отложения в топливе — причины образования, опасность, решения | МОСТРАНСНЕФТЬ	Смолистые отложения в топливе: как они образуются и чем опасны для техникии	Как образуются смолистые отложения в дизельном топливе, чем опасны для техники, методы профилактики и борьбы. Практическое руководство для бизнеса. | Блог топливной компании «МОСТРАНСНЕФТЬ»: полезные статьи, рекомендации и практические советы для покупателей от экспертов компании.	1853
/blog/otvechaem-na-voprosy-o-dizelnom-toplive/zimnee-dizelnoe-toplivo/	Зимнее дизтопливо — что нужно знать для надежной эксплуатации в Москве | МОСТРАНСНЕФТЬ	Преимущества зимнего дизтоплива	Зимнее дизтопливо — надежность в суровых условиях. Характеристики, классификация и оптовые поставки.  | Блог топливной компании «МОСТРАНСНЕФТЬ»: полезные статьи, рекомендации и практические советы для покупателей от экспертов компании.	1068
/blog/poleznoe-o-benzine/	Полезное о бензине — Блог топливной компании «МОСТРАНСНЕФТЬ» — Москва	Полезное о бензине	Полезное о бензине — Блог топливной компании «МОСТРАНСНЕФТЬ» — Москва. Керосин, бензин, дизельное топливо (ДТ) и аналоги оптом для техники, котлов отопления, домов и котельных.	586
/blog/sovety-pokupatelyam/	Советы покупателям — Блог топливной компании «МОСТРАНСНЕФТЬ» — Москва	Советы покупателям	Советы покупателям — Блог топливной компании «МОСТРАНСНЕФТЬ» — Москва. Керосин, бензин, дизельное топливо (ДТ) и аналоги оптом для техники, котлов отопления, домов и котельных.	702
/blog/sovety-pokupatelyam/kak-vesti-zhurnal-ucheta-gsm-po-novym-pravilam/	Как вести журнал учета ГСМ по новым правилам: образец и ошибки | МОСТРАНСНЕФТЬ	Как вести журнал учета ГСМ по новым правилам	Актуальное заполнение журнала учета ГСМ 2026: правила, частые ошибки, штрафы. | Блог топливной компании «МОСТРАНСНЕФТЬ»: полезные статьи, рекомендации и практические советы для покупателей от экспертов компании.	1905
/blog/sovety-pokupatelyam/preimushchestva-ispolzovaniya-mini-azs/	Мини АЗС для бизнеса	Преимущества использования мини АЗС	Ключевые преимущества использования мини АЗС для бизнеса | Блог топливной компании «МОСТРАНСНЕФТЬ»: полезные статьи, рекомендации и практические советы для покупателей от экспертов компании.	1003
/blog/toplivo-dlya-otopleniya/	Топливо для отопления — Блог топливной компании «МОСТРАНСНЕФТЬ» — Москва	Топливо для отопления	Топливо для отопления — Блог топливной компании «МОСТРАНСНЕФТЬ» — Москва. Керосин, бензин, дизельное топливо (ДТ) и аналоги оптом для техники, котлов отопления, домов и котельных.	665
/blog/toplivo-dlya-otopleniya/dizelnoe-toplivo-zagorodnogo-doma/	Дизельное топливо для загородного дома — Блог топливной компании «МОСТРАНСНЕФТЬ» — Москва	Дизельное топливо для загородного дома	Дизельное топливо для загородного дома — Блог топливной компании «МОСТРАНСНЕФТЬ» — Москва. Керосин, бензин, дизельное топливо (ДТ) и аналоги оптом для техники, котлов отопления, домов и котельных.	901
/blog/toplivo-dlya-otopleniya/toplivo-dlya-koreyskikh-kotlov/	Топливо для корейских котлов — Блог топливной компании «МОСТРАНСНЕФТЬ» — Москва	Топливо для корейских котлов	Топливо для корейских котлов — Блог топливной компании «МОСТРАНСНЕФТЬ» — Москва. Керосин, бензин, дизельное топливо (ДТ) и аналоги оптом для техники, котлов отопления, домов и котельных.	819
/blog/toplivo-dlya-zhd-transporta/	Топливо для ЖД транспорта — Блог топливной компании «МОСТРАНСНЕФТЬ» — Москва	Топливо для ЖД транспорта	Топливо для ЖД транспорта — Блог топливной компании «МОСТРАНСНЕФТЬ» — Москва. Керосин, бензин, дизельное топливо (ДТ) и аналоги оптом для техники, котлов отопления, домов и котельных.	553
/catalog/	Каталог нефтепродуктов компании МОСТРАНСНЕФТЬ: дизельное топливо, бензин, керосин и оборудование с доставкой в Москве	Топливо и оборудование	Каталог нефтепродуктов (ГСМ) и оборудования для техники, котлов отопления, домов и котельных с доставкой в Москве.	494
/catalog/aksessuary/	Купить аксессуары для хранения дизельного топлива, керосина и бензина в Москве	Аксессуары для хранения топлива	Аксессуары для хранения дизельного топлива, керосина и бензина от топливной компании «МОСТРАНСНЕФТЬ» в Москве с доставкой. Сопутствущие товары для автомобильного транспорта.	671
/catalog/analogi_dt/	Купить аналоги дизельного топлива оптом с доставкой в Москве	Аналоги ДТ	Аналоги ДТ по оптовой цене в Москве. ➤ Доставка своим транспортом компании МОСТРАНСНЕФТЬ. Всегда в наличии. Доливаем все до капли!	1093
/catalog/analogi_dt/4054/	ТКСО – купить оптом с доставкой в Москве	ТКСО	Купите топливный компонент селективной очистки (ТКСО) по выгодной цене в Москве с доставкой. Гарантия качества от компании «МОСТРАНСНЕФТЬ»!	835
/catalog/analogi_dt/gazoyl_nizkozastyvayushchiy/	Газойль — купить с доставкой в Москве	Газойль низкозастывающий	Купите газойль вакуумный атмосферный низкозастывающий от топливной компании MOSTRANSNEFT с доставкой в Москве по выгодной цене. Высокое качество и низкая температура застывания для промышленного использования. Эффективное и экономичное решение для вашего бизнеса!	897
/catalog/benzyn/	Бензин оптом — купить по выгодной цене в Москве с доставкой | МОСТРАНСНЕФТЬ	Бензин оптом	Купите оптом бензин в Москве с доставкой транспортом компании МОСТРАНСНЕФТЬ. Всегда в наличии АИ-92 и АИ-95 напрямую с НПЗ. Доливаем все до капли!	1030
/catalog/benzyn/705/	Бензин АИ-95 наливом — оптом с доставкой в Москве	Бензин АИ-95 наливом	Купите Бензин АИ-95 наливом от топливной компании «МОСТРАНСНЕФТЬ» в Москве с доставкой по выгодной оптовой цене. Гарантия высокого качества и соответствия стандартам!	1068
/catalog/benzyn/706/	Бензин АИ-92 наливом  — оптом с доставкой в Москве	Бензин АИ-92 наливом	Покупайте Бензин АИ-92 наливом от топливной компании «МОСТРАНСНЕФТЬ» в Москве с доставкой по выгодной оптовой цене. Гарантия высокого качества и соответствия стандартам!	1125
/catalog/benzyn/benzin_ai92/	Купить бензин АИ-92 оптом в Москве | МОСТРАНСНЕФТЬ	Бензин АИ-92	Бензин АИ-92 наливом и в бочках — купить оптом в Москве. Доставка своим транспортом компании МОСТРАНСНЕФТЬ. Всегда в наличии. Доливаем все до капли!	813
/catalog/benzyn/benzin_ai95/	Купить бензин АИ-95 оптом в Москве | МОСТРАНСНЕФТЬ	Бензин АИ-95	Бензин АИ-95 наливом и в бочках — купить оптом в Москве. Доставка своим транспортом компании МОСТРАНСНЕФТЬ. Всегда в наличии. Доливаем все до капли!	808
/catalog/benzyn/benzin_ai_95_premium/	Бензин АИ-95 премиум с доставкой в Москве	Бензин АИ-95 премиум	Бензин АИ-95 премиум от топливной компании «МОСТРАНСНЕФТЬ» в Москве с доставкой по хорошей оптовой цене. Оборудование, бензин и дизтопливо (ДТ) оптом для техники, котлов отопления, домов и котельных.	615
/catalog/dizelnoe_toplivo/	Дизельное топливо — купить оптом с доставкой в Москве | МОСТРАНСНЕФТЬ	Доставка дизельного топлива оптом	Дизельное топливо оптом – купить по выгодной цене в Москве. Надежный поставщик ДТ – всегда качественное топливо в МОСТРАНСНЕФТЬ! Быстрая доставка солярки своим транспортом. Доливаем все до капли! Звоните для расчета стоимости.	2533
/catalog/dizelnoe_toplivo/arkticheskoe_dizelnoe_toplivo/	Купить арктическое дизельное топливо ДТ-А-К5 в Москве | МОСТРАНСНЕФТЬ	Арктическое дизельное топливо	Приобретите арктическое дизельное топливо (ДТ-А-К5 ) от компании МОСТРАНСНЕФТЬ в Москве по выгодной цене. Соответствует строгим стандартам качества. Гарантия надежности и оперативная доставка топлива своим транспортом.	924
/catalog/dizelnoe_toplivo/arkticheskoe_dizelnoe_toplivo/arkticheskoe_dizelnoe_toplivo_dta/	Арктическое Дизельное Топливо от MOSTRANSNEFT в Москве	Дизельное топливо арктическое	Дизельное арктическое топливо от MOSTRANSNEFT в Москве, идеально подходящее для эксплуатации в экстремально низких температурах до -45°C. Высокое качество, соответствие европейским стандартам, экологичность и улучшенная экономичность.	1036
/catalog/dizelnoe_toplivo/dizelnoe_toplivo_letnee/	Купить летнее дизельное топливо оптом с доставкой в Москве	Летнее дизельное топливо	Летнее дизельное топливо купить по оптовой цене в Москве. ➤ Доставка своим транспортом компании МОСТРАНСНЕФТЬ. Всегда в наличии. Доливаем все до капли!	900
/catalog/dizelnoe_toplivo/dizelnoe_toplivo_letnee/183/	Дизельное топливо летнее ЕВРО-5 сорт C — купить с доставкой в Москве	Дизельное топливо летнее	Покупайте дизельное летнее топливо ЕВРО-5 сорт C от топливной компании «МОСТРАНСНЕФТЬ» в Москве с доставкой по выгодной оптовой цене. Дизтопливо (ДТ) оптом для техники, котлов отопления, домов и котельных.	1082
/catalog/dizelnoe_toplivo/dizelnoe_toplivo_letnee/815/	ДТ ОПТИ летнее (ДТ-Л-К5) — купить с доставкой в Москве	Дизельное топливо летнее ОПТИ	Покупайте дизельное летнее топливо ОПТИ (ДТ-Л-К5) от топливной компании «МОСТРАНСНЕФТЬ» в Москве с доставкой по выгодной оптовой цене. Дизтопливо (ДТ) оптом для техники, котлов отопления, домов и котельных.	991
/catalog/dizelnoe_toplivo/dizelnoe_toplivo_mzh/	Купить межсезонное дизельное топливо оптом с доставкой в Москве	Межсезонное дизельное топливо	Межсезонное дизельное топливо купить по оптовой цене в Москве. ➤ Доставка своим транспортом компании МОСТРАНСНЕФТЬ. Всегда в наличии. Доливаем все до капли!	951
/catalog/dizelnoe_toplivo/dizelnoe_toplivo_mzh/mezhsezonnoe/198/	Купить межсезонное дизельное топливо ДТ Е-К5, Сорт Е от MOSTRANSNEFT с доставкой в Москве	Дизельное топливо межсезонное -15°C	Покупайте межсезонное дизельное топливо ДТ Е-К5, Сорт Е -15°C с доставкой от MOSTRANSNEFT. Высокое качество, соответствие стандартам, идеально для строительной техники. Оперативная доставка в Москве и области.	984
/catalog/dizelnoe_toplivo/dizelnoe_toplivo_mzh/mezhsezonnoe/813/	Дизельное топливо межсезонное Сорт F — купить оптом с доставкой в Москве	Дизельное топливо межсезонное -20°C	Покупайте ДТ сорт F от топливной компании MOSTRANSNEFT для эффективной работы техники в зимнее время. Гарантируем качество, стабильность работы двигателя до -20°C и соответствие международным стандартам. Конкурентные оптовые цены и доставка в Москве.	1034
/catalog/dizelnoe_toplivo/dizelnoe_toplivo_zimnee/	Купить зимнее дизельное топливо оптом с доставкой в Москве	Зимнее дизельное топливо	Зимнее дизельное топливо купить по оптовой цене в Москве. ➤ Доставка своим транспортом компании МОСТРАНСНЕФТЬ. Всегда в наличии. Доливаем все до капли!	963
/catalog/dizelnoe_toplivo/dizelnoe_toplivo_zimnee/zimnee/701/	Зимнее Дизельное Топливо ДТ-З-К5, Класс 2 (-32°C) – купить оптом от MOSTRANSNEFT с доставкой в Москве	Дизельное топливо зимнее -32°C	Купите высококачественное зимнее дизельное топливо ДТ-З-К5, Класс 2 от MOSTRANSNEFT, обеспечивающее стабильную работу техники при температуре до -32°C. Соответствует ГОСТ 32511-2013, идеально подходит для строительной и сельскохозяйственной техники. Оптовые поставки с гарантией качества и оперативной доставкой в Москве.	1003
/catalog/dostavka_topliva_v_200l_bochkakh/	Купить топливо в бочках по 200 л в Москве	Топливо в бочках	Топливо в бочках 200 литров от компании МОСТРАНСНЕФТЬ в Москве по доступной цене. Идеальное решение для бизнеса и частных лиц, ценящих высокое качество и доступность. Каждая бочка соответствует строгим стандартам качества и обеспечивает эффективную и безопасную работу.	1658
/catalog/dostavka_topliva_v_200l_bochkakh/3996/	Дизельное топливо в бочках 200 литров Евро-5 Сорт C – купить с доставкой в Москве	Дизельное топливо летнее в бочках	Покупайте дизельное топливо в бочках Евро-5 Сорт C по 200 литров в Москве от компании «МОСТРАНСНЕФТЬ» с доставкой по выгодной оптовой цене. Гарантия высокого качества и соответствия стандартам!	797
/catalog/dostavka_topliva_v_200l_bochkakh/4088/	Дизельное топливо в бочках 200 литров Зимнее Евро-5 ДТ-З -35°C – купить с доставкой в Москве	Дизельное топливо зимнее в бочках	Купите дизельное топливо в бочках Зимнее Евро-5 ДТ-З -35°C по 200 литров в Москве от компании «МОСТРАНСНЕФТЬ» с доставкой по выгодной оптовой цене. Гарантия высокого качества и соответствия стандартам!	793
/catalog/dostavka_topliva_v_200l_bochkakh/benzin_v_bochkakh_200_litrov/	Купить бензин в бочках по 200 литров в Москве | МОСТРАНСНЕФТЬ	Бензин в бочках 200 литров	Бензин в бочках 200 литров от компании МОСТРАНСНЕФТЬ в Москве по выгодной цене. Каждая бочка соответствует строгим стандартам качества. Гарантия надежности и оперативная доставка топлива в бочках своим транспортом.	1089
/catalog/dostavka_topliva_v_200l_bochkakh/bochka_kerosina_200_litrov/	Купить бочку керосина 200 литров в Москве | МОСТРАНСНЕФТЬ	Бочка керосина 200 литров	Керосин в бочках по 200 литров по выгодной цене от компании МОСТРАНСНЕФТЬ в Москве. Каждая бочка соответствует строгим стандартам качества. Гарантия надежности и оперативная доставка топлива в бочках своим транспортом.	961
/catalog/dostavka_topliva_v_200l_bochkakh/dizelnoe_toplivo_v_bochkakh_200_litrov/	Купить дизельное топливо в бочках по 200 литров в Москве	Дизельное топливо в бочках	Дизельное топливо в бочках 200 литров от компании МОСТРАНСНЕФТЬ в Москве по доступной цене. Идеальное решение для бизнеса и частных лиц, ценящих высокое качество и доступность. Каждая бочка соответствует строгим стандартам качества и обеспечивает эффективную и безопасную работу.	1097
/catalog/emkosti_dlya_topliva/	Купить емкости для топлива — ДТ, бензина и керосина в Москве	Емкости для топлива	Емкости для хранения дизельного топлива, керосина и бензина от компании МОСТРАНСНЕФТЬ в Москве с доставкой по доступной цене. Каждая емкость соответствует строгим стандартам качества и обеспечивает эффективную и безопасную работу.	1201
/catalog/kerosin/	Керосин купить оптом по низкой цене за литр с доставкой в Москве	Керосин	Керосин по оптовой цене в Москве. ➤ Доставка своим транспортом компании МОСТРАНСНЕФТЬ. Всегда в наличии, экологически чистый. Доливаем все до капли!	1114
/catalog/kerosin/320/	Керосин ТС-1 – купить оптом с доставкой в Москве	ТС-1 Керосин	Купите керосин ТС-1 оптом по выгодной цене в Москве с доставкой. Гарантия качества от компании «МОСТРАНСНЕФТЬ»!	1203
/catalog/mini_azs_dlya_topliva/	Купить мини АЗС для дизтоплива и бензина по низкой цене в Москве	Мини АЗС	Мини АЗС для дизтоплива или бензина от компании МОСТРАНСНЕФТЬ в Москве с доставкой по доступной цене. Всегда в наличии широкий ассортимент мобильных заправочных станций в разных вариантах исполнения. Гарантия качества!	2265
/catalog/mini_azs_dlya_topliva/mini_azs_1000_litrov/	Купить мини АЗС 1000 литров в Москве | МОСТРАНСНЕФТЬ	Мини АЗС 1000 литров	Мини АЗС 1000 литров — купить в Москве от компании МОСТРАНСНЕФТЬ  с доставкой по доступной цене. Всегда в наличии ассортимент автозаправочных станций в разных вариантах исполнения. Гарантия качества!	1790
/catalog/mini_azs_dlya_topliva/mini_azs_500_l_ekonom_klassa_s_nasosom_12v/	Мини АЗС 500 литров с заправочным узлом и насосом 12V черная бочка — купить с доставкой в Москве	АЗС 500 л экономического класса с насосом 12V	Купите мини АЗС на 500 литров эконом класса с насосом 12V и заправочным узлом в бочке по выгодной цене в Москве с доставкой. Гарантия качества и надежности от компании «МОСТРАНСНЕФТЬ»!	894
/catalog/mini_azs_dlya_topliva/mini_azs_dlya_diztopliva/	Купить мини АЗС для дизтоплива в Москве | МОСТРАНСНЕФТЬ	Мини АЗС для дизтоплива	Мини АЗС дизельная — купить в Москве от компании МОСТРАНСНЕФТЬ  с доставкой по доступной цене. Всегда в наличии ассортимент автозаправочных станций для дизтоплива в разных вариантах исполнения. Гарантия качества!	1728
/catalog/otrabotannoe_maslo_/	Купить отработанное масло оптом с доставкой в Москве	Отработанное масло	Отработанное масло в Москве — купить с доставкой по оптовой цене. Доставка своим транспортом компании МОСТРАНСНЕФТЬ. Всегда в наличии. Доливаем все до капли!	897
/catalog/otrabotannoe_maslo_/3880/	Отработанное масло — купить оптом с доставкой в Москве	Отработанное масло в бочках и наливом	Отработанное масло по выгодной оптовой цене в Москве с доставкой. Гарантия качества и надежности от компании «МОСТРАНСНЕФТЬ»!	613
/catalog/pechnoe_toplivo_dlya_kotlov/	Купить печное топливо по оптовой цене для котлов отопления в Москве	Печное топливо	Печное топливо в Москве — купить по оптовой цене. Доставка своим транспортом компании МОСТРАНСНЕФТЬ. Всегда в наличии!	1086
/catalog/pechnoe_toplivo_dlya_kotlov/distillyat_gazovogo_kondensata_sredniy_dgks/	Газовый конденсат (ГК) – купить с доставкой в Москве	Газовый конденсат (ГК)	Купите газовый конденсат (ГК) от топливной компании «МОСТРАНСНЕФТЬ» в Москве с доставкой по выгодной оптовой цене. Оборудование, бензин и дизтопливо (ДТ) оптом для техники, котлов отопления, домов и котельных.	816
/catalog/pechnoe_toplivo_dlya_kotlov/gks/	Газовый конденсат стабильный (ГКС) – купить с доставкой в Москве	Газовый конденсат стабильный (ГКС)	Купите газовый конденсат стабильный (ГКС) от топливной компании «МОСТРАНСНЕФТЬ» в Москве с доставкой по выгодной оптовой цене. Оборудование, бензин и дизтопливо (ДТ) оптом для техники, котлов отопления, домов и котельных.	719
/catalog/pechnoe_toplivo_dlya_kotlov/pechnoe_toplivo_bytovoe/	Печное топливо бытовое — купить оптом с доставкой в Москве	Печное топливо бытовое	Печное топливо бытовое по выгодной цене в Москве с доставкой. Гарантия качества от компании «МОСТРАНСНЕФТЬ»!	644
/catalog/pechnoe_toplivo_dlya_kotlov/pechnoe_toplivo_svetloe/	Печное топливо светлое — купить оптом с доставкой в Москве	Печное топливо светлое	Печное топливо светлое по выгодной цене в Москве с доставкой. Гарантия качества от компании «МОСТРАНСНЕФТЬ»!	631
/catalog/pechnoe_toplivo_dlya_kotlov/pechnoe_toplivo_temnoe/	Печное топливо темное — купить оптом с доставкой в Москве	Печное топливо темное	Печное топливо темное по выгодной цене в Москве с доставкой. Гарантия качества от компании «МОСТРАНСНЕФТЬ»!	640
/company/	Информация о нефтяной транспортной компании «МОСТРАНСНЕФТЬ» — Москва	О компании	Информация о нефтяной транспортной компании «МОСТРАНСНЕФТЬ» — Москва. Керосин, бензин, дизельное топливо (ДТ) и аналоги оптом для техники, котлов отопления, домов и котельных.	769
/company/reviews/	Отзывы о нефтяной транспортной компании «МОСТРАНСНЕФТЬ» — Москва	Оставить свой отзыв	Отзывы о нефтяной транспортной компании «МОСТРАНСНЕФТЬ» — Москва. Керосин, бензин, дизельное топливо (ДТ) и аналоги оптом для техники, котлов отопления, домов и котельных.	945
/contacts/	Контакты топливной компании «МОСТРАНСНЕФТЬ» в Москве	Контакты	Контакты топливной компании «МОСТРАНСНЕФТЬ» в Москве. Керосин, бензин, дизельное топливо (ДТ) и аналоги оптом для техники, котлов отопления, домов и котельных.	498
/contacts/stores/	Контакты | Адреса топливной компании «МОСТРАНСНЕФТЬ»	Контакты компании Мостранснефть	Контакты топливной компании Мостранснефть. Продажа нефтепродуктов и топлива мелким и крупным оптом по низкой цене. Широкий ассортимент, высокое качество, доставка по всей России.	796
/help/	Как купить топливо оптом с доставкой в Москве	Как заказать топливо	Как купить топливо оптом с доставкой в Москве. Керосин, бензин, дизельное топливо (ДТ) и аналоги оптом для техники, котлов отопления, домов и котельных.	812
/help/payment/	Условия оплаты оптовых поставок дизельного топлива, бензина и керосина в Москве	Условия оплаты поставок топлива	Условия оплаты оптовых поставок дизельного топлива, бензина и керосина в Москве. Керосин, бензин, дизельное топливо (ДТ) и аналоги оптом для техники, котлов отопления, домов и котельных.	548
/help/toplivo-s-dostavkoy/	Топливо с доставкой в Москве – дизель, бензин, нефтепродукты | MOSTRANSNEFT	Топливо с доставкой от МОСТРАНСНЕФТЬ	Надёжная доставка топлива от компании МОСТРАНСНЕФТЬ. Современный автопарк, высокое качество ГСМ и полная документация. Заказывайте топливо с доставкой прямо сейчас!	1233
/info/	Нефтеперерабатывающие заводы (НПЗ) | Производители нефтепродуктов (ГСМ) в России	Производители	Топливо напрямую с заводов производителей в Москве. Керосин, бензин, дизтопливо (ДТ) и аналоги топлива для техники, котлов отопления, домов и котельных от МОСТРАНСНЕФТЬ.	563
/info/brands/	Нефтеперерабатывающие заводы (НПЗ) | Производители нефтепродуктов (ГСМ) в России	Производители	Топливо напрямую с заводов производителей в Москве. Керосин, бензин, дизтопливо (ДТ) и аналоги топлива для техники, котлов отопления, домов и котельных от МОСТРАНСНЕФТЬ.	563
/info/brands/ao_taneko/	Топливо от производителя АО «ТАНЕКО» купить оптом с доставкой в Москве	АО «ТАНЕКО»	Топливо от производителя АО «ТАНЕКО» купить оптом с доставкой в Москве. Керосин, бензин, дизельное топливо (ДТ) и аналоги оптом для техники, котлов отопления, домов и котельных.	808
/info/brands/pao_gazprom_neft/	ПАО «Газпром нефть» купить топливо и нефтепродукты оптом в Москве	ПАО «Газпром нефть»	➜ ПАО «Газпром нефть» купить топливо и нефтепродукты в Москве по выгодной цене. ★ Топливо от производителя ПАО «Газпром нефть». ✔  Каталог интернет-магазина. ✰ Быстрая доставка!	798
/info/brands/pao_neftyanaya_kompaniya_lukoyl/	ПАО «Нефтяная компания «Лукойл» купить топливо и нефтепродукты оптом в Москве	ПАО «Нефтяная компания «Лукойл»	➜ ПАО «Нефтяная компания «Лукойл»  купить топливо и нефтепродукты в Москве по выгодной цене. ★ Топливо от производителя ПАО «Нефтяная компания «Лукойл» . ✔  Каталог интернет-магазина. ✰ Быстрая доставка!	820
/info/brands/pao_nk_rosneft/	ПАО «НК «РОСНЕФТЬ» купить топливо и нефтепродукты оптом в Москве	ПАО «НК «РОСНЕФТЬ»	➜ ПАО «НК «РОСНЕФТЬ» купить топливо и нефтепродукты в Москве по выгодной цене. ★ Топливо от производителя ПАО «НК «РОСНЕФТЬ». ✔  Каталог интернет-магазина. ✰ Быстрая доставка!	843
/info/brands/pao_tatneft/	ПАО «ТАТНЕФТЬ» купить топливо и нефтепродукты оптом в Москве	ПАО «ТАТНЕФТЬ»	➜ ПАО «ТАТНЕФТЬ» купить топливо и нефтепродукты в Москве по выгодной цене. ★ Топливо от производителя ПАО «ТАТНЕФТЬ». ✔  Каталог интернет-магазина. ✰ Быстрая доставка!	778
/kalkulyator/	Калькулятор расчета доставки топлива (ГСМ) в Москве	Калькулятор расчета топлива	Рассчитайте стоимость оптовой поставки дизельного топлива и других нефтепродуктов в Москве.	718
/karta-saita/	Карта сайта | «МОСТРАНСНЕФТЬ»	Карта сайта	Карта сайта mostransneft.ru	1030
/landings/	Виды топлива по составу и назначению	Топливо по назначению	Топливо по назначению, составу и применению. Купить нефтепродукты и топливо оптом по низкой цене в компании «МОСТРАНСНЕФТЬ». Широкий ассортимент, высокое качество, доставка по всей России.	487
/landings/aviatsionnyy-kerosin/	Цена керосина за 1 тонну в Москве	Стоимость тонны керосина в Москве	Цена керосина за 1 тонну в Москве. Керосин мелким и большим оптом с доставкой по Москвы и другим регионам России.	1238
/landings/dizelnoe-toplivo-dlya-dgu/	Топливо для дизельного генератора в Москве | ДТ для ДГУ от компании МОСТРАНСНЕФТЬ	Дизельное топливо для ДГУ в Москве	Дизельное топливо для ДГУ в Москве. Дизельное топливо мелким и большим оптом для техники, котлов отопления, домов и котельных и генераторов.	1229
/landings/diztoplivo-dlya-generatorov/	Дизельное топливо для генератора в Москве | ДТ от компании МОСТРАНСНЕФТЬ	Дизтопливо для ДГУ в Москве	Дизтопливо для ДГУ в Москве. Дизтопливо мелким и большим оптом для техники, котлов отопления, домов и котельных и генераторов.	1214
/landings/solyarka-dlya-kotlov-otopleniya/	Купить солярку для котлов отопления с доставкой в Москве	Солярка для котлов	Солярка для котлов отопления от топливной компании «МОСТРАНСНЕФТЬ» в Москве с доставкой по хорошей оптовой цене. Солярка мелким и большим оптом для техники, котлов отопления, домов и котельных.	1306
/landings/sudovaya-solyarka/	Судовое дизельное топливо в Москве | ДТ для судовых двигателей от компании МОСТРАНСНЕФТЬ	Судовая солярка в Москве	Судовая солярка от топливной компании «МОСТРАНСНЕФТЬ» в Москве с доставкой по хорошей оптовой цене. Судовая солярка мелким и большим оптом для техники, котлов отопления, домов и котельных.	1317
/neftebazy/	Нефтебазы России | Топливная компания "МОСТРАНСНЕФТЬ"	Нефтебазы России	Нефтебазы России топливной компании «МОСТРАНСНЕФТЬ» - заказывайте керосин, бензин, дизельное топливо (ДТ) и аналоги оптом для техники, котлов отопления, домов и котельных.	909
/projects/	Проекты | Топливная компания "МОСТРАНСНЕФТЬ"	Проекты	Портфолио проектов нефтяной транспортной компании «МОСТРАНСНЕФТЬ». Керосин, бензин, дизельное топливо (ДТ) и аналоги оптом для техники, котлов отопления, домов и котельных.	468
/sale/	Акции топливной компании «МОСТРАНСНЕФТЬ» в Москве	Спецпредложение	Акции топливной компании «МОСТРАНСНЕФТЬ» в Москве. Керосин, бензин, дизельное топливо (ДТ) и аналоги оптом для техники, котлов отопления, домов и котельных.	475
/sale/druzhit_vygodno/	Дружить ВЫГОДНО! — Акции топливной компании «МОСТРАНСНЕФТЬ» в Москве	Дружить ВЫГОДНО!	Дружить ВЫГОДНО! — Акции топливной компании «МОСТРАНСНЕФТЬ» в Москве. Керосин, бензин, дизельное топливо (ДТ) и аналоги оптом для техники, котлов отопления, домов и котельных.	595
/sale/podarok_pri_pervom_zakaze/	Подарок при первом заказе! — Акции топливной компании «МОСТРАНСНЕФТЬ» в Москве	Подарок при первом заказе!	Подарок при первом заказе! — Акции топливной компании «МОСТРАНСНЕФТЬ» в Москве. Керосин, бензин, дизельное топливо (ДТ) и аналоги оптом для техники, котлов отопления, домов и котельных.	493
/sale/privedi_biznes/	Приведи БИЗНЕС! — Акции топливной компании «МОСТРАНСНЕФТЬ» в Москве	Приведи БИЗНЕС!	Приведи БИЗНЕС! — Акции топливной компании «МОСТРАНСНЕФТЬ» в Москве. Керосин, бензин, дизельное топливо (ДТ) и аналоги оптом для техники, котлов отопления, домов и котельных.	546
/services/khranenie-topliva/	Хранение нефтепродуктов и дизельного топлива в Москве | МОСТРАНСНЕФТЬ	Хранение топлива	Хранение нефтепродуктов, дизельного топлива и других видов ГСМ в Москве. Максимальная надежность оборудования, гарантия качества от компании от MOSTRANSNEFT!	698
/services/otogrev-topliva/	Отогрев топлива заказать в Москве	Отогрев топлива	Отогрев топлива заказать в Москве. Керосин, бензин, дизельное топливо (ДТ) и аналоги оптом для техники, котлов отопления, домов и котельных.	777
/services/proverka-topliva/	Проверка топлива на качество в Москве | МОСТРАНСНЕФТЬ	Проверка топлива на качество	Проверка качества топлива в Москве. Максимальная точность оборудования лаборатории, гарантия качества от компании от MOSTRANSNEFT!	761
/voprosy-i-otvety/	Вопросы и ответы | Топливная компания "МОСТРАНСНЕФТЬ"	Вопросы и ответы	Ответы на вопросы об услугах МОСТРАНСНЕФТЬ: откачка топлива, утилизация ГСМ, оформление договора и особенности сотрудничества с юрлицами и физлицами.	531
/voprosy-i-otvety/dogovor/	Вопросы об оформлении договора | МОСТРАНСНЕФТЬ	Вопросы по договорам	Вопросы по оформлению договора на поставку топлива и услуги компании МОСТРАНСНЕФТЬ. Условия, сроки, необходимые документы.	495
